Thread_number,n,walltime,speed,Efficiency
4,7,199.82,0.0187264538084276,0.25
4,8,2397.27,0.0215093418763844,0.25
4,5,1.39391,487.81772137369,0.25
4,6,16.2825,559.461999078766,0.25
8,5,1.378093,2.71528844569996,0.125
8,6,18.2526,2.82500575260511,0.125
8,7,220.976,3.07713959887047,0.125
8,8,2380.4,3.82685262981012,0.125
16,8,2478.92,0.00150949607086957,0.0625
16,7,202.22,0.254988131737711,0.0625
16,6,16.7498,40.5959474142975,0.0625
16,5,1.3947,6531.46913314691,0.0625
